id,peso_secundario,peso_exames,nota_minima_p_ingresso
0100_7092_9500,0.5,0.5,95.0
0100_7093_9500,0.5,0.5,95.0
0100_0140_9022,0.5,0.5,95.0
0100_0140_L344,0.5,0.5,95.0
0100_0140_8086,0.5,0.5,95.0
0100_0150_9652,0.5,0.5,95.0
0100_0150_9853,0.5,0.5,95.0
0100_0150_9135,0.5,0.5,95.0
0100_0150_L041,0.5,0.5,95.0
0100_0150_9181,0.5,0.5,95.0
0100_0150_9219,0.5,0.5,95.0
0100_0150_9238,0.5,0.5,95.0
0100_0150_9240,0.5,0.5,95.0
0100_0160_9011,0.5,0.5,95.0
0100_0160_8083,0.5,0.5,140.0
0100_0160_8571,0.5,0.5,100.0
0100_0160_A017,0.5,0.5,95.0
0100_0160_9185,0.5,0.5,95.0
0100_0160_8524,0.5,0.5,95.0
0100_0170_9081,0.5,0.5,95.0
0100_0170_9147,0.5,0.5,95.0
0100_0170_9254,0.5,0.5,95.0
0200_3081_9023,0.5,0.5,95.0
0200_3081_9070,0.5,0.5,95.0
0200_3081_9563,0.5,0.5,95.0
0200_3081_9853,0.5,0.5,95.0
0200_3081_9084,0.5,0.5,95.0
0200_3081_8337,0.5,0.5,95.0
0200_3082_9147,0.5,0.5,95.0
0200_3082_9148,0.5,0.5,95.0
0200_3082_9173,0.5,0.5,95.0
0200_3082_9205,0.5,0.5,95.0
0200_3082_9254,0.5,0.5,95.0
0200_3083_9089,0.5,0.5,95.0
0200_3083_L209,0.5,0.5,95.0
0200_3083_9123,0.5,0.5,95.0
0200_3083_L269,0.5,0.5,95.0
0200_3087_9147,0.5,0.5,95.0
0200_3087_9148,0.5,0.5,95.0
0200_3087_9254,0.5,0.5,95.0
0200_7035_L068,0.5,0.5,95.0
0200_7035_8149,0.5,0.5,95.0
0200_7035_9500,0.5,0.5,95.0
0200_7035_9549,0.5,0.5,95.0
0200_7035_9504,0.5,0.5,95.0
0200_7035_L066,0.5,0.5,95.0
0200_7035_9890,0.5,0.5,95.0
0200_0201_9817,0.5,0.5,95.0
0200_0201_9821,0.5,0.5,95.0
0200_0201_L252,0.5,0.5,95.0
0200_0201_9204,0.5,0.5,95.0
0200_0201_8509,0.5,0.5,95.0
0200_0201_9219,0.5,0.5,95.0
0200_0203_9003,0.5,0.5,95.0
0200_0203_8258,0.5,0.5,95.0
0200_0203_9540,0.5,0.5,95.0
0200_0203_9011,0.5,0.5,95.0
0200_0203_9013,0.5,0.5,95.0
0200_0203_9015,0.5,0.5,95.0
0200_0203_9016,0.5,0.5,95.0
0200_0203_9494,0.5,0.5,95.0
0200_0203_9119,0.5,0.5,95.0
0200_0203_L123,0.5,0.5,95.0
0200_0203_9210,0.5,0.5,95.0
0200_0204_9081,0.5,0.5,95.0
0200_0204_9152,0.5,0.5,95.0
0200_0204_9240,0.5,0.5,95.0
0200_0206_9351,0.5,0.5,95.0
0300_3011_9056,0.5,0.5,95.0
0300_3011_9869,0.5,0.5,95.0
0300_3011_9140,0.5,0.5,95.0
0300_3011_9888,0.5,0.5,95.0
0300_3011_9205,0.5,0.5,95.0
0300_3011_8005,0.5,0.5,95.0
0300_3012_L194,0.5,0.5,95.0
0300_3012_L346,0.5,0.5,95.0
0300_3012_L021,0.5,0.5,95.0
0300_3012_L140,0.5,0.5,95.0
0300_3012_8405,0.5,0.5,95.0
0300_3012_9235,0.5,0.5,95.0
0300_3013_9500,0.5,0.5,95.0
0300_3013_9504,0.5,0.5,95.0
0300_3013_L066,0.5,0.5,95.0
0300_3013_9890,0.5,0.5,95.0
0300_3014_L299,0.5,0.5,95.0
0300_3014_L138,0.5,0.5,95.0
0300_0300_9002,0.5,0.5,95.0
0300_0300_9011,0.5,0.5,95.0
0300_0300_9012,0.5,0.5,95.0
0300_0300_9015,0.5,0.5,95.0
0300_0300_9016,0.5,0.5,95.0
0300_0300_9351,0.5,0.5,95.0
0300_0300_9041,0.5,0.5,95.0
0300_0300_9069,0.5,0.5,95.0
0300_0300_9081,0.5,0.5,95.0
0300_0300_9853,0.5,0.5,95.0
0300_0300_L221,0.5,0.5,95.0
0300_0300_9455,0.5,0.5,95.0
0300_0300_9089,0.5,0.5,95.0
0300_0300_L223,0.5,0.5,95.0
0300_0300_L209,0.5,0.5,95.0
0300_0300_9113,0.5,0.5,95.0
0300_0300_9119,0.5,0.5,95.0
0300_0300_9123,0.5,0.5,95.0
0300_0300_9125,0.5,0.5,95.0
0300_0300_L202,0.5,0.5,95.0
0300_0300_L217,0.5,0.5,95.0
0300_0300_9096,0.5,0.5,95.0
0300_0300_9099,0.5,0.5,95.0
0300_0300_9104,0.5,0.5,95.0
0300_0300_9141,0.5,0.5,95.0
0300_0300_9146,0.5,0.5,95.0
0300_0300_9147,0.5,0.5,95.0
0300_0300_L187,0.5,0.5,95.0
0300_0300_9194,0.5,0.5,95.0
0300_0300_9196,0.5,0.5,95.0
0300_0300_9204,0.5,0.5,95.0
0300_0300_9209,0.5,0.5,95.0
0300_0300_9813,0.5,0.5,140.0
0300_0300_L298,0.5,0.5,95.0
0300_0300_L254,0.5,0.5,95.0
0300_0300_9219,0.5,0.5,95.0
0300_0300_9223,0.5,0.5,95.0
0300_0300_9252,0.5,0.5,95.0
0400_0400_9257,0.5,0.5,95.0
0400_0400_9015,0.5,0.5,95.0
0400_0400_9016,0.5,0.5,95.0
0400_0400_9048,0.5,0.5,100.0
0400_0400_9020,0.5,0.5,95.0
0400_0400_9351,0.5,0.5,95.0
0400_0400_9494,0.5,0.5,95.0
0400_0400_9023,0.45,0.55,100.0
0400_0400_9025,0.5,0.5,100.0
0400_0400_9707,0.5,0.5,100.0
0400_0400_L331,0.5,0.5,95.0
0400_0400_9074,0.5,0.5,100.0
0400_0400_9075,0.5,0.5,100.0
0400_0400_9071,0.5,0.5,95.0
0400_0400_9081,0.5,0.5,95.0
0400_0400_9740,0.5,0.5,95.0
0400_0400_9089,0.5,0.5,95.0
0400_0400_9105,0.5,0.5,95.0
0400_0400_9112,0.5,0.5,95.0
0400_0400_9119,0.5,0.5,95.0
0400_0400_L295,0.5,0.5,95.0
0400_0400_9104,0.5,0.5,95.0
0400_0400_9918,0.5,0.5,100.0
0400_0400_9139,0.5,0.5,100.0
0400_0400_L205,0.5,0.5,95.0
0400_0400_9147,0.5,0.5,100.0
0400_0400_L303,0.5,0.5,95.0
0400_0400_L227,0.5,0.5,95.0
0400_0400_9205,0.5,0.5,100.0
0400_0400_9835,0.5,0.5,95.0
0400_0400_9813,0.5,0.5,140.0
0400_0400_8184,0.5,0.5,95.0
0400_0400_9219,0.5,0.5,95.0
0400_0400_9225,0.5,0.5,95.0
0400_0400_9240,0.5,0.5,95.0
0400_0400_L258,0.5,0.5,95.0
0500_7240_9500,0.5,0.5,95.0
0500_0501_9448,0.5,0.5,95.0
0500_0501_9257,0.5,0.5,95.0
0500_0501_9011,0.5,0.5,95.0
0500_0501_9015,0.5,0.5,95.0
0500_0501_9891,0.5,0.5,95.0
0500_0501_9455,0.5,0.5,100.0
0500_0501_9089,0.5,0.5,95.0
0500_0501_L209,0.5,0.5,95.0
0500_0501_9113,0.5,0.5,100.0
0500_0501_9119,0.5,0.5,95.0
0500_0501_9123,0.5,0.5,95.0
0500_0501_9125,0.5,0.5,95.0
0500_0501_9099,0.5,0.5,95.0
0500_0501_9104,0.5,0.5,95.0
0500_0501_9141,0.5,0.5,100.0
0500_0501_9146,0.5,0.5,95.0
0500_0501_L285,0.5,0.5,95.0
0500_0501_L227,0.5,0.5,95.0
0500_0501_9209,0.4,0.6,95.0
0500_0501_9223,0.5,0.5,95.0
0500_0501_8408,0.5,0.5,95.0
0500_0502_9002,0.5,0.5,100.0
0500_0502_9078,0.5,0.5,100.0
0500_0503_9081,0.5,0.5,95.0
0500_0503_9147,0.5,0.5,95.0
0500_0503_9229,0.5,0.5,95.0
0500_0503_9240,0.5,0.5,95.0
0500_0504_9819,0.5,0.5,95.0
0500_0504_9494,0.5,0.5,95.0
0500_0504_9832,0.5,0.5,95.0
0500_0505_9006,0.5,0.5,95.0
0500_0505_9694,0.5,0.5,95.0
0500_0505_9132,0.5,0.5,95.0
0500_0505_9133,0.5,0.5,95.0
0500_0505_9135,0.5,0.5,95.0
0500_0505_9139,0.5,0.5,95.0
0500_0505_9143,0.5,0.5,95.0
0500_0505_9181,0.5,0.5,95.0
0500_0505_9182,0.5,0.5,95.0
0500_0505_9773,0.5,0.5,95.0
0500_0505_9779,0.5,0.5,100.0
0500_0505_8393,0.5,0.5,95.0
0500_0505_L109,0.5,0.5,95.0
0500_0506_9813,0.5,0.5,140.0
0500_0506_9548,0.5,0.5,140.0
0500_0507_9026,0.5,0.5,100.0
0500_0507_9219,0.5,0.5,100.0
0500_0507_9238,0.5,0.5,100.0
0500_0508_9707,0.5,0.5,95.0
0500_0521_9013,0.5,0.5,95.0
0600_7030_9500,0.5,0.5,95.0
0600_0602_9003,0.5,0.5,95.0
0600_0602_9011,0.5,0.5,95.0
0600_0602_8262,0.5,0.5,95.0
0600_0602_9012,0.5,0.5,95.0
0600_0602_9015,0.5,0.5,95.0
0600_0602_9016,0.5,0.5,95.0
0600_0602_9818,0.5,0.5,95.0
0600_0602_L090,0.5,0.5,95.0
0600_0602_L221,0.5,0.5,95.0
0600_0602_9119,0.5,0.5,95.0
0600_0602_9751,0.5,0.5,95.0
0600_0602_9910,0.5,0.5,95.0
0600_0602_9752,0.5,0.5,95.0
0600_0602_9143,0.5,0.5,95.0
0600_0602_L227,0.5,0.5,95.0
0600_0602_9209,0.5,0.5,95.0
0600_0602_9210,0.5,0.5,95.0
0600_0602_9847,0.5,0.5,95.0
0600_0603_9257,0.5,0.5,95.0
0600_0603_9347,0.5,0.5,95.0
0600_0603_9069,0.5,0.5,95.0
0600_0603_9243,0.5,0.5,95.0
0600_0604_9026,0.5,0.5,95.0
0600_0604_9081,0.5,0.5,95.0
0600_0604_9853,0.5,0.5,95.0
0600_0604_L365,0.5,0.5,95.0
0600_0604_9147,0.5,0.5,95.0
0600_0604_8251,0.5,0.5,95.0
0600_0604_L047,0.5,0.5,95.0
0600_0604_9787,0.5,0.5,95.0
0600_0604_9219,0.5,0.5,95.0
0600_0604_9229,0.5,0.5,95.0
0600_0604_9240,0.5,0.5,95.0
0600_0604_9254,0.5,0.5,95.0
0600_0605_L256,0.5,0.5,95.0
0600_0605_9494,0.5,0.5,95.0
0600_0605_9707,0.5,0.5,95.0
0600_0605_9841,0.5,0.5,95.0
0900_0901_9554,0.5,0.5,120.0
0900_0901_9813,0.5,0.5,140.0
0900_0902_9448,0.5,0.5,95.0
0900_0902_9006,0.5,0.5,95.0
0900_0902_9020,0.5,0.5,95.0
0900_0902_9046,0.5,0.5,95.0
0900_0902_9023,0.5,0.5,95.0
0900_0902_9040,0.5,0.5,95.0
0900_0902_9917,0.5,0.5,95.0
0900_0902_9139,0.5,0.5,95.0
0900_0902_9145,0.5,0.5,95.0
0900_0902_9181,0.5,0.5,95.0
0900_0902_9182,0.5,0.5,95.0
0900_0902_9204,0.5,0.5,95.0
0900_0902_9240,0.5,0.5,95.0
0900_0902_9252,0.5,0.5,95.0
0900_0903_9348,0.5,0.5,95.0
0900_0903_9015,0.5,0.5,95.0
0900_0903_8036,0.5,0.5,95.0
0900_0903_9455,0.5,0.5,95.0
0900_0903_9089,0.5,0.5,95.0
0900_0903_L209,0.5,0.5,95.0
0900_0903_9113,0.5,0.5,95.0
0900_0903_9119,0.5,0.5,95.0
0900_0903_9123,0.5,0.5,95.0
0900_0903_9126,0.5,0.5,95.0
0900_0903_L358,0.5,0.5,95.0
0900_0903_9096,0.5,0.5,95.0
0900_0903_L231,0.5,0.5,95.0
0900_0903_9099,0.5,0.5,95.0
0900_0903_9104,0.5,0.5,95.0
0900_0903_L370,0.5,0.5,95.0
0900_0903_9209,0.5,0.5,95.0
0900_0903_L167,0.5,0.5,95.0
0900_0903_9224,0.5,0.5,95.0
0900_0903_L286,0.5,0.5,95.0
0900_0904_9081,0.5,0.5,95.0
0900_0904_L313,0.5,0.5,95.0
0900_0904_9147,0.5,0.5,95.0
0900_0906_L188,0.5,0.5,95.0
0900_0906_9155,0.5,0.5,95.0
0900_0906_8259,0.5,0.5,95.0
0900_0911_9078,0.5,0.5,100.0
1000_7010_9500,0.5,0.5,100.0
1000_1000_9002,0.5,0.5,100.0
1000_1000_9006,0.5,0.5,100.0
1000_1000_9257,0.5,0.5,100.0
1000_1000_9817,0.5,0.5,100.0
1000_1000_9688,0.5,0.5,100.0
1000_1000_9012,0.5,0.5,95.0
1000_1000_9015,0.5,0.5,95.0
1000_1000_9019,0.5,0.5,100.0
1000_1000_L188,0.5,0.5,95.0
1000_1000_9397,0.5,0.5,100.0
1000_1000_9023,0.5,0.5,100.0
1000_1000_9379,0.5,0.5,95.0
1000_1000_9056,0.5,0.5,100.0
1000_1000_L078,0.5,0.5,100.0
1000_1000_8494,0.5,0.5,100.0
1000_1000_9499,0.5,0.5,95.0
1000_1000_9078,0.5,0.5,100.0
1000_1000_8358,0.5,0.5,100.0
1000_1000_9081,0.5,0.5,100.0
1000_1000_9353,0.5,0.5,100.0
1000_1000_8427,0.5,0.5,100.0
1000_1000_9853,0.5,0.5,95.0
1000_1000_L221,0.5,0.5,130.0
1000_1000_9455,0.5,0.5,95.0
1000_1000_9089,0.5,0.5,95.0
1000_1000_L218,0.5,0.5,95.0
1000_1000_9113,0.5,0.5,95.0
1000_1000_9119,0.5,0.5,100.0
1000_1000_9123,0.5,0.5,95.0
1000_1000_9126,0.5,0.5,95.0
1000_1000_9127,0.5,0.5,95.0
1000_1000_9096,0.5,0.5,95.0
1000_1000_L229,0.5,0.5,95.0
1000_1000_9098,0.5,0.5,95.0
1000_1000_9104,0.5,0.5,95.0
1000_1000_L215,0.5,0.5,95.0
1000_1000_9381,0.5,0.5,95.0
1000_1000_9134,0.5,0.5,100.0
1000_1000_L147,0.5,0.5,100.0
1000_1000_9917,0.5,0.5,100.0
1000_1000_9139,0.5,0.5,100.0
1000_1000_9141,0.5,0.5,95.0
1000_1000_8183,0.5,0.5,100.0
1000_1000_9146,0.5,0.5,95.0
1000_1000_9147,0.5,0.5,100.0
1000_1000_9181,0.5,0.5,100.0
1000_1000_9192,0.5,0.5,100.0
1000_1000_9195,0.5,0.5,100.0
1000_1000_9205,0.5,0.5,100.0
1000_1000_9209,0.5,0.5,95.0
1000_1000_9813,0.5,0.5,140.0
1000_1000_9785,0.5,0.5,100.0
1000_1000_8184,0.5,0.5,95.0
1000_1000_L112,0.5,0.5,100.0
1000_1000_9219,0.5,0.5,100.0
1000_1000_9223,0.5,0.5,95.0
1000_1000_9229,0.5,0.5,100.0
1000_1000_9240,0.5,0.5,100.0
1000_1000_9243,0.5,0.5,100.0
1100_7270_9500,0.5,0.5,100.0
1100_1101_9554,0.5,0.5,120.0
1100_1102_9257,0.5,0.5,100.0
1100_1103_8258,0.5,0.5,95.0
1100_1103_9687,0.5,0.5,95.0
1100_1103_9011,0.5,0.5,95.0
1100_1103_9015,0.5,0.5,95.0
1100_1103_9696,0.5,0.5,95.0
1100_1103_9709,0.5,0.5,95.0
1100_1103_9086,0.5,0.5,95.0
1100_1103_9113,0.5,0.5,95.0
1100_1103_L096,0.5,0.5,95.0
1100_1103_9141,0.5,0.5,95.0
1100_1103_9146,0.5,0.5,95.0
1100_1103_L227,0.5,0.5,95.0
1100_1103_9209,0.5,0.5,95.0
1100_1103_9385,0.5,0.5,95.0
1100_1103_9223,0.5,0.5,95.0
1100_1104_9081,0.5,0.5,120.0
1100_1104_9147,0.5,0.5,120.0
1100_1105_9540,0.5,0.5,95.0
1100_1105_L221,0.5,0.5,130.0
1100_1105_9089,0.5,0.5,95.0
1100_1105_L209,0.5,0.5,100.0
1100_1105_L224,0.5,0.5,140.0
1100_1105_9123,0.5,0.5,140.0
1100_1105_9125,0.5,0.5,95.0
1100_1105_9096,0.5,0.5,95.0
1100_1105_L236,0.5,0.5,95.0
1100_1105_9099,0.5,0.5,95.0
1100_1105_9104,0.5,0.5,140.0
1100_1106_9494,0.5,0.5,95.0
1100_1107_9006,0.5,0.5,95.0
1100_1107_9694,0.5,0.5,95.0
1100_1107_9023,0.5,0.5,95.0
1100_1107_9040,0.5,0.5,95.0
1100_1107_9139,0.5,0.5,95.0
1100_1107_9143,0.5,0.5,95.0
1100_1107_9181,0.5,0.5,95.0
1100_1107_9182,0.5,0.5,95.0
1100_1107_L251,0.5,0.5,95.0
1100_1107_9192,0.5,0.5,95.0
1100_1107_9197,0.5,0.5,95.0
1100_1107_9204,0.5,0.5,95.0
1100_1107_9240,0.5,0.5,95.0
1100_1108_9813,0.5,0.5,140.0
1100_1108_L307,0.5,0.5,140.0
1100_1109_9026,0.5,0.5,95.0
1100_1109_9219,0.5,0.5,95.0
1100_1110_9708,0.5,0.5,120.0
1100_1110_9813,0.5,0.5,140.0
1100_1110_9847,0.5,0.5,135.0
1100_1111_9707,0.5,0.5,100.0
1100_1113_9548,0.5,0.5,140.0
1100_1114_9066,0.5,0.5,120.0
1100_1114_9078,0.5,0.5,120.0
1100_5402_9007,0.5,0.5,95.0
1100_5402_8399,0.5,0.5,95.0
1100_5402_9070,0.5,0.5,95.0
1200_7080_9500,0.5,0.5,95.0
1200_1201_9003,0.5,0.5,95.0
1200_1201_L352,0.5,0.5,95.0
1200_1201_L372,0.5,0.5,95.0
1200_1201_9752,0.5,0.5,95.0
1200_1201_9847,0.5,0.5,95.0
1200_1202_9005,0.5,0.5,95.0
1200_1202_9023,0.5,0.5,95.0
1200_1202_L312,0.5,0.5,95.0
1200_1202_9081,0.5,0.5,95.0
1200_1202_9853,0.5,0.5,95.0
1200_1202_9147,0.5,0.5,95.0
1200_1202_9196,0.5,0.5,95.0
1200_1202_9204,0.5,0.5,95.0
1200_1202_9219,0.5,0.5,95.0
1200_1202_9238,0.5,0.5,95.0
1200_1202_9803,0.5,0.5,95.0
1200_1202_9254,0.5,0.5,95.0
1200_1203_9052,0.5,0.5,95.0
1200_1203_L253,0.5,0.5,95.0
1200_1203_9455,0.5,0.5,95.0
1200_1203_9089,0.5,0.5,95.0
1200_1203_L209,0.5,0.5,95.0
1200_1203_9113,0.5,0.5,95.0
1200_1203_9119,0.5,0.5,95.0
1200_1203_9123,0.5,0.5,95.0
1200_1203_9104,0.5,0.5,95.0
1200_1203_L193,0.5,0.5,95.0
1200_1204_9540,0.5,0.5,95.0
1200_1204_9011,0.5,0.5,95.0
1200_1204_9012,0.5,0.5,95.0
1200_1204_9015,0.5,0.5,95.0
1200_1204_9351,0.5,0.5,95.0
1200_1204_9554,0.5,0.5,95.0
1200_1204_9379,0.5,0.5,95.0
1200_1204_9707,0.5,0.5,95.0
1200_1204_9761,0.5,0.5,95.0
1300_1320_9500,0.5,0.5,95.0
1300_1321_9076,0.5,0.5,95.0
1300_1306_9817,0.5,0.5,95.0
1300_1306_9720,0.5,0.5,95.0
1300_1306_9069,0.5,0.5,95.0
1300_1306_L150,0.5,0.5,95.0
1300_1306_9196,0.5,0.5,95.0
1300_1306_9219,0.5,0.5,95.0
1300_1307_9015,0.5,0.5,95.0
1300_1307_9455,0.5,0.5,95.0
1300_1307_9089,0.5,0.5,95.0
1300_1307_9107,0.5,0.5,95.0
1300_1307_L367,0.5,0.5,100.0
1300_1307_9119,0.5,0.5,95.0
1300_1307_9209,0.5,0.5,95.0
1300_1308_9026,0.5,0.5,95.0
1300_1308_9081,0.5,0.5,95.0
1300_1308_9853,0.5,0.5,95.0
1300_1308_9736,0.5,0.5,95.0
1300_1308_9147,0.5,0.5,95.0
1300_1309_9011,0.5,0.5,100.0
1300_1309_8083,0.5,0.5,140.0
1500_1501_9257,0.5,0.5,95.0
1500_1501_9069,0.5,0.5,95.0
1500_1501_9071,0.5,0.5,95.0
1500_1502_9904,0.5,0.5,95.0
1500_1502_L010,0.5,0.5,95.0
1500_1502_8399,0.5,0.5,95.0
1500_1502_9070,0.5,0.5,95.0
1500_1502_9072,0.5,0.5,95.0
1500_1502_9754,0.5,0.5,95.0
1500_1502_9790,0.5,0.5,95.0
1500_1503_9011,0.5,0.5,100.0
1500_1503_9015,0.5,0.5,100.0
1500_1503_L204,0.5,0.5,120.0
1500_1503_9113,0.5,0.5,95.0
1500_1503_L096,0.5,0.5,95.0
1500_1503_9119,0.5,0.5,100.0
1500_1503_L214,0.5,0.5,100.0
1500_1503_9381,0.5,0.5,95.0
1500_1503_9141,0.5,0.5,95.0
1500_1503_9146,0.5,0.5,95.0
1500_1503_9209,0.5,0.5,100.0
1500_1503_9385,0.5,0.5,100.0
1500_1503_9212,0.5,0.5,95.0
1500_1503_9223,0.5,0.5,95.0
1500_1503_9226,0.5,0.5,95.0
1500_1503_L079,0.5,0.5,95.0
1500_1504_9078,0.5,0.5,100.0
1500_1504_8358,0.5,0.5,100.0
1500_1505_9494,0.5,0.5,95.0
1500_1506_9006,0.5,0.5,95.0
1500_1506_8413,0.5,0.5,95.0
1500_1506_9040,0.5,0.5,95.0
1500_1506_9131,0.5,0.5,95.0
1500_1506_9132,0.5,0.5,95.0
1500_1506_9914,0.5,0.5,95.0
1500_1506_9133,0.5,0.5,95.0
1500_1506_L097,0.5,0.5,95.0
1500_1506_9135,0.5,0.5,95.0
1500_1506_8458,0.5,0.5,95.0
1500_1506_9917,0.5,0.5,95.0
1500_1506_L288,0.5,0.5,95.0
1500_1506_9139,0.5,0.5,95.0
1500_1506_9181,0.5,0.5,95.0
1500_1506_9182,0.5,0.5,95.0
1500_1506_9204,0.5,0.5,95.0
1500_1506_9252,0.5,0.5,95.0
1500_1507_9554,0.5,0.5,100.0
1500_1507_9813,0.5,0.5,140.0
1500_1508_9556,0.5,0.5,95.0
1500_1508_9548,0.5,0.5,140.0
1500_1508_9791,0.5,0.5,95.0
1500_1509_9847,0.5,0.5,120.0
1500_1510_9707,0.5,0.5,95.0
1500_1510_9068,0.5,0.5,95.0
1500_1510_9162,0.5,0.5,95.0
1500_1510_9841,0.5,0.5,95.0
1500_1511_9219,0.5,0.5,95.0
1500_1513_L040,0.5,0.5,95.0
1500_1514_9143,0.5,0.5,95.0
1500_1514_8411,0.5,0.5,95.0
1500_1515_8258,0.5,0.5,95.0
1500_1515_9011,0.5,0.5,95.0
1500_1515_9086,0.5,0.5,95.0
1500_1515_9087,0.5,0.5,95.0
1500_1515_8377,0.5,0.5,95.0
1500_1515_9129,0.5,0.5,95.0
1500_1515_9099,0.5,0.5,95.0
1500_1516_9002,0.5,0.5,100.0
1500_1516_8102,0.5,0.5,100.0
1500_1516_8363,0.5,0.5,100.0
1500_1516_9448,0.5,0.5,100.0
1500_1516_9019,0.5,0.5,100.0
1500_1516_9023,0.5,0.5,100.0
1500_1516_9157,0.5,0.5,100.0
1500_1516_8111,0.5,0.5,100.0
1500_1516_9229,0.5,0.5,100.0
1500_1516_8364,0.5,0.5,100.0
1500_1516_9238,0.5,0.5,100.0
1500_1516_8014,0.5,0.5,100.0
1500_1516_9240,0.5,0.5,100.0
1500_1516_8109,0.5,0.5,100.0
1500_1517_9081,0.5,0.5,95.0
1500_1517_A006,0.5,0.5,95.0
1500_1517_A013,0.5,0.5,95.0
1500_1517_9147,0.5,0.5,95.0
1500_1517_A001,0.5,0.5,95.0
1500_1517_9210,0.5,0.5,95.0
1500_1517_A018,0.5,0.5,95.0
1500_1518_9257,0.5,0.5,100.0
1500_1518_L221,0.5,0.5,100.0
1500_1518_9474,0.5,0.5,100.0
1500_1518_9455,0.5,0.5,100.0
1500_1518_9089,0.5,0.5,100.0
1500_1518_L209,0.5,0.5,100.0
1500_1518_L233,0.5,0.5,100.0
1500_1518_9121,0.5,0.5,100.0
1500_1518_9123,0.5,0.5,100.0
1500_1518_L162,0.5,0.5,100.0
1500_1518_9125,0.5,0.5,100.0
1500_1518_9096,0.5,0.5,100.0
1500_1518_L239,0.5,0.5,100.0
1500_1518_9099,0.5,0.5,100.0
1500_1518_9345,0.5,0.5,120.0
1500_1519_9912,0.5,0.5,100.0
1500_1519_9121,0.5,0.5,100.0
1500_1519_9098,0.5,0.5,100.0
1500_1519_9104,0.5,0.5,100.0
3020_3021_9003,0.5,0.5,95.0
3020_3021_9350,0.5,0.5,95.0
3020_3021_9099,0.5,0.5,95.0
3020_3022_9010,0.5,0.5,95.0
3020_3022_9563,0.5,0.5,95.0
3020_3022_9853,0.5,0.5,95.0
3020_3022_9238,0.5,0.5,95.0
3020_3023_9119,0.5,0.5,95.0
3020_3023_9152,0.5,0.5,95.0
3020_3023_9994,0.5,0.5,95.0
3020_3023_9242,0.5,0.5,95.0
3020_3023_9254,0.5,0.5,95.0
3020_7005_9500,0.5,0.5,95.0
3020_7005_8138,0.5,0.5,95.0
3030_3031_9056,0.5,0.5,100.0
3030_3031_9869,0.5,0.5,100.0
3030_3031_9140,0.5,0.5,100.0
3030_3031_9759,0.5,0.5,100.0
3030_3031_9990,0.5,0.5,100.0
3030_3031_L140,0.5,0.5,100.0
3030_3031_9152,0.5,0.5,100.0
3030_3031_9994,0.5,0.5,100.0
3030_3031_9242,0.5,0.5,100.0
3030_3031_8015,0.5,0.5,100.0
3030_3032_9112,0.5,0.5,100.0
3030_3032_8409,0.5,0.5,100.0
3030_3032_8417,0.5,0.5,100.0
3030_3032_9104,0.5,0.5,100.0
3030_3032_8311,0.5,0.5,100.0
3030_3033_L260,0.5,0.5,100.0
3030_3033_9470,0.5,0.5,100.0
3030_3033_9873,0.5,0.5,100.0
3030_3033_9074,0.5,0.5,100.0
3030_3034_9173,0.5,0.5,100.0
3030_3034_8156,0.5,0.5,100.0
3030_3034_8341,0.5,0.5,100.0
3030_3036_9563,0.5,0.5,100.0
3040_3041_L029,0.5,0.5,95.0
3040_3041_9085,0.5,0.5,95.0
3040_3041_9086,0.5,0.5,95.0
3040_3041_9087,0.5,0.5,95.0
3040_3041_9129,0.5,0.5,95.0
3040_3041_9099,0.5,0.5,95.0
3040_3041_9752,0.5,0.5,95.0
3040_3042_9933,0.5,0.5,95.0
3040_3042_9898,0.5,0.5,95.0
3040_3042_9563,0.5,0.5,95.0
3040_3042_9082,0.5,0.5,95.0
3040_3042_9853,0.5,0.5,95.0
3040_3042_9084,0.5,0.5,95.0
3040_3042_8323,0.5,0.5,95.0
3040_3042_8374,0.5,0.5,95.0
3040_3042_L175,0.4,0.45,95.0
3040_3042_L088,0.5,0.5,95.0
3040_3043_9056,0.5,0.5,95.0
3040_3043_9089,0.5,0.5,95.0
3040_3043_9119,0.5,0.5,95.0
3040_3043_9123,0.5,0.5,95.0
3040_3043_9125,0.5,0.5,95.0
3040_3043_9910,0.5,0.5,95.0
3040_3043_9104,0.5,0.5,95.0
3040_3043_9147,0.5,0.5,95.0
3040_3043_L069,0.5,0.5,95.0
3040_3045_8309,0.5,0.5,95.0
3040_3045_9165,0.5,0.5,95.0
3040_3045_9188,0.5,0.5,95.0
3040_3045_9773,0.5,0.5,95.0
3040_3045_9205,0.5,0.5,95.0
3040_3045_9213,0.5,0.5,95.0
3040_3045_9242,0.5,0.5,95.0
3040_3045_9254,0.5,0.5,95.0
3040_3046_9076,0.5,0.5,95.0
3040_3046_L136,0.5,0.5,95.0
3040_3046_L361,0.5,0.5,95.0
3040_7015_L068,0.5,0.5,95.0
3040_7015_8149,0.5,0.5,95.0
3040_7015_9500,0.5,0.5,95.0
3040_7015_9501,0.5,0.5,95.0
3040_7015_9549,0.5,0.5,95.0
3040_7015_9833,0.5,0.5,95.0
3040_7016_9504,0.5,0.5,95.0
3050_3051_9003,0.5,0.5,95.0
3050_3051_L093,0.5,0.5,95.0
3050_3051_9085,0.5,0.5,95.0
3050_3051_8397,0.5,0.5,95.0
3050_3052_9850,0.5,0.5,95.0
3050_3052_9853,0.5,0.5,95.0
3050_3052_9485,0.5,0.5,95.0
3050_3052_9238,0.5,0.5,95.0
3050_3053_9089,0.5,0.5,95.0
3050_3053_9111,0.5,0.5,95.0
3050_3053_9119,0.5,0.5,95.0
3050_3053_8463,0.5,0.5,95.0
3050_3053_9104,0.5,0.5,95.0
3050_3053_L275,0.5,0.5,95.0
3050_3054_9002,0.5,0.5,95.0
3050_3054_9147,0.5,0.5,95.0
3050_3054_L021,0.5,0.5,95.0
3050_3054_9242,0.5,0.5,95.0
3050_3054_9254,0.5,0.5,95.0
3050_3055_L158,0.5,0.5,95.0
3050_3055_9725,0.5,0.5,95.0
3050_3055_9726,0.5,0.5,95.0
3050_7020_L068,0.5,0.5,95.0
3050_7020_9500,0.5,0.5,95.0
3050_7020_L067,0.5,0.5,95.0
3050_7020_9504,0.5,0.5,95.0
3050_7020_L066,0.5,0.5,95.0
3060_3061_9003,0.5,0.5,95.0
3060_3061_9016,0.5,0.5,95.0
3060_3061_L009,0.5,0.5,95.0
3060_3061_9085,0.5,0.5,95.0
3060_3061_L015,0.5,0.5,95.0
3060_3061_L348,0.5,0.5,95.0
3060_3061_L178,0.5,0.5,95.0
3060_3061_L003,0.5,0.5,95.0
3060_3062_9675,0.5,0.5,95.0
3060_3062_8093,0.5,0.5,95.0
3060_3062_9898,0.5,0.5,95.0
3060_3062_9717,0.5,0.5,95.0
3060_3062_8342,0.5,0.5,95.0
3060_3062_9054,0.5,0.5,95.0
3060_3062_9894,0.5,0.5,95.0
3060_3062_9731,0.5,0.5,95.0
3060_3062_9853,0.5,0.5,95.0
3060_3062_L095,0.5,0.5,95.0
3060_3062_9774,0.5,0.5,95.0
3060_3062_9254,0.5,0.5,95.0
3060_3062_8114,0.5,0.5,95.0
3060_3063_8276,0.5,0.5,95.0
3060_3063_L310,0.5,0.5,95.0
3060_3063_L056,0.5,0.5,95.0
3060_3063_9061,0.5,0.5,95.0
3060_3063_9722,0.5,0.5,95.0
3060_3063_8029,0.5,0.5,95.0
3060_3063_9152,0.5,0.5,95.0
3060_3063_9186,0.5,0.5,95.0
3060_3063_L023,0.5,0.5,95.0
3060_3063_9801,0.5,0.5,95.0
3060_3064_9540,0.5,0.5,95.0
3060_3064_9455,0.5,0.5,95.0
3060_3064_9089,0.5,0.5,95.0
3060_3064_9105,0.5,0.5,95.0
3060_3064_L209,0.5,0.5,95.0
3060_3064_9119,0.5,0.5,95.0
3060_3064_9770,0.5,0.5,95.0
3060_3064_9885,0.5,0.5,95.0
3060_3064_9123,0.5,0.5,95.0
3060_3064_9104,0.5,0.5,95.0
3060_3064_L155,0.5,0.5,95.0
3060_3064_L226,0.5,0.5,95.0
3060_3065_9058,0.5,0.5,95.0
3060_3065_9119,0.5,0.5,95.0
3060_3065_9147,0.5,0.5,95.0
3060_3065_9895,0.5,0.5,95.0
3060_3065_L305,0.5,0.5,95.0
3060_3065_9205,0.5,0.5,95.0
3060_7210_8141,0.5,0.5,95.0
3060_7210_L068,0.5,0.5,95.0
3060_7210_8149,0.5,0.5,95.0
3060_7210_9549,0.5,0.5,95.0
3060_7210_L067,0.5,0.5,95.0
3060_7210_9504,0.5,0.5,95.0
3060_7210_L066,0.5,0.5,95.0
3060_7210_9861,0.5,0.5,95.0
3090_3091_9005,0.5,0.5,95.0
3090_3091_8339,0.5,0.5,95.0
3090_3091_9652,0.5,0.5,95.0
3090_3091_9563,0.5,0.5,95.0
3090_3091_L034,0.5,0.5,95.0
3090_3091_9853,0.5,0.5,95.0
3090_3091_9473,0.5,0.5,95.0
3090_3092_L283,0.5,0.5,95.0
3090_3092_9056,0.5,0.5,95.0
3090_3092_L335,0.5,0.5,95.0
3090_3092_9855,0.5,0.5,95.0
3090_3092_9089,0.5,0.5,95.0
3090_3092_9119,0.5,0.5,95.0
3090_3092_9128,0.5,0.5,95.0
3090_3092_9147,0.5,0.5,95.0
3090_3092_9157,0.5,0.5,95.0
3090_3092_9205,0.5,0.5,95.0
3090_3092_L196,0.5,0.5,95.0
3090_3095_9173,0.5,0.5,95.0
3090_3095_L061,0.5,0.5,95.0
3090_3095_9484,0.5,0.5,95.0
3090_3095_9255,0.5,0.5,95.0
3090_7040_L101,0.5,0.5,95.0
3090_7040_L068,0.5,0.5,95.0
3090_7040_9500,0.5,0.5,95.0
3090_7040_9549,0.5,0.5,95.0
3100_3101_L099,0.5,0.5,95.0
3100_3101_9851,0.5,0.5,95.0
3100_3101_9853,0.5,0.5,95.0
3100_3101_9084,0.5,0.5,95.0
3100_3101_9797,0.5,0.5,95.0
3100_3101_L306,0.5,0.5,95.0
3100_3101_9238,0.5,0.5,95.0
3100_3101_8014,0.5,0.5,95.0
3100_3101_9492,0.5,0.5,95.0
3100_3102_9002,0.5,0.5,95.0
3100_3102_9690,0.5,0.5,95.0
3100_3102_9627,0.5,0.5,95.0
3100_3102_9741,0.5,0.5,95.0
3100_3102_9089,0.5,0.5,95.0
3100_3102_9112,0.5,0.5,95.0
3100_3102_L266,0.5,0.5,95.0
3100_3102_9119,0.5,0.5,95.0
3100_3102_9885,0.5,0.5,95.0
3100_3102_9123,0.5,0.5,95.0
3100_3102_9886,0.5,0.5,95.0
3100_3102_9104,0.5,0.5,95.0
3100_3102_9147,0.5,0.5,95.0
3100_3102_9991,0.5,0.5,95.0
3100_3102_A014,0.5,0.5,95.0
3100_3102_9205,0.5,0.5,95.0
3100_3102_9242,0.5,0.5,95.0
3100_3102_8015,0.5,0.5,95.0
3100_3103_9007,0.5,0.5,95.0
3100_3103_9729,0.5,0.5,95.0
3100_3103_8126,0.5,0.5,95.0
3100_3103_9074,0.5,0.5,95.0
3100_3103_L257,0.5,0.5,95.0
3100_3103_8525,0.5,0.5,95.0
3100_3103_L127,0.5,0.5,95.0
3100_3103_9457,0.5,0.5,95.0
3100_3103_9243,0.5,0.5,95.0
3100_3105_9848,0.5,0.5,95.0
3100_3105_9013,0.5,0.5,95.0
3100_3105_9016,0.5,0.5,95.0
3100_3105_9178,0.5,0.5,95.0
3100_3105_L131,0.5,0.5,95.0
3100_3105_8514,0.5,0.5,95.0
3100_3105_9207,0.5,0.5,95.0
3100_3105_9254,0.5,0.5,95.0
3100_7045_8149,0.5,0.5,95.0
3100_7045_9500,0.5,0.5,95.0
3100_7045_9504,0.5,0.5,95.0
3100_7045_8138,0.5,0.5,95.0
3100_7045_9890,0.5,0.5,95.0
3110_3112_9005,0.5,0.5,95.0
3110_3112_8307,0.5,0.5,95.0
3110_3112_9853,0.5,0.5,95.0
3110_3112_9876,0.5,0.5,95.0
3110_3112_L134,0.5,0.5,95.0
3110_3113_9010,0.5,0.5,95.0
3110_3113_9191,0.5,0.5,95.0
3110_3113_9222,0.5,0.5,95.0
3110_3113_8439,0.5,0.5,95.0
3110_3113_9231,0.5,0.5,95.0
3110_3113_8438,0.5,0.5,95.0
3110_3117_L035,0.5,0.5,100.0
3110_3117_9056,0.5,0.5,100.0
3110_3117_9869,0.5,0.5,100.0
3110_3117_9476,0.5,0.5,100.0
3110_3117_9889,0.5,0.5,100.0
3110_3117_9147,0.5,0.5,100.0
3110_3117_9991,0.5,0.5,100.0
3110_3117_9242,0.5,0.5,100.0
3110_3117_8015,0.5,0.5,100.0
3110_3118_9455,0.5,0.5,100.0
3110_3118_9089,0.5,0.5,95.0
3110_3118_9109,0.5,0.5,95.0
3110_3118_9108,0.5,0.5,95.0
3110_3118_L213,0.5,0.5,95.0
3110_3118_L052,0.5,0.5,95.0
3110_3118_9121,0.5,0.5,95.0
3110_3118_L119,0.5,0.5,95.0
3110_3118_9123,0.5,0.5,95.0
3110_3118_9126,0.5,0.5,95.0
3110_3118_L117,0.5,0.5,95.0
3110_3118_L085,0.5,0.5,95.0
3120_3121_9853,0.5,0.5,95.0
3120_3121_9084,0.5,0.5,95.0
3120_3121_9773,0.5,0.5,95.0
3120_3121_9238,0.5,0.5,95.0
3120_3121_8014,0.5,0.5,95.0
3120_3121_9254,0.5,0.5,95.0
3120_3124_9670,0.5,0.5,95.0
3120_3124_L308,0.5,0.5,95.0
3120_3124_9070,0.5,0.5,95.0
3120_3124_9089,0.5,0.5,95.0
3120_3124_9119,0.5,0.5,95.0
3120_3124_9147,0.5,0.5,95.0
3120_3124_9991,0.5,0.5,95.0
3120_3125_9003,0.5,0.5,95.0
3120_3125_9563,0.5,0.5,95.0
3120_3125_9085,0.5,0.5,95.0
3120_3125_9130,0.5,0.5,95.0
3120_7055_9500,0.5,0.5,95.0
3120_7055_9504,0.5,0.5,95.0
3120_7055_9556,0.5,0.5,95.0
3130_3131_8264,0.5,0.5,95.0
3130_3131_9563,0.5,0.5,95.0
3130_3131_9853,0.5,0.5,95.0
3130_3131_9878,0.4,0.45,95.0
3130_3131_9084,0.5,0.5,95.0
3130_3131_9879,0.5,0.5,95.0
3130_3131_L246,0.5,0.5,95.0
3130_3131_8002,0.5,0.5,95.0
3130_3131_L272,0.5,0.5,95.0
3130_3131_9807,0.5,0.5,95.0
3130_3134_9009,0.5,0.5,95.0
3130_3134_9829,0.5,0.5,95.0
3130_3134_9043,0.5,0.5,95.0
3130_3134_9053,0.5,0.5,95.0
3130_3134_9867,0.5,0.5,95.0
3130_3134_9716,0.5,0.5,95.0
3130_3134_9866,0.5,0.5,95.0
3130_3134_9058,0.5,0.5,95.0
3130_3134_9870,0.5,0.5,95.0
3130_3134_L070,0.5,0.5,95.0
3130_3134_9205,0.5,0.5,95.0
3130_3134_8005,0.5,0.5,95.0
3130_3134_9227,0.5,0.5,95.0
3130_3135_L089,0.5,0.5,95.0
3130_3135_9455,0.5,0.5,95.0
3130_3135_9089,0.5,0.5,95.0
3130_3135_9110,0.5,0.5,95.0
3130_3135_9112,0.5,0.5,95.0
3130_3135_9117,0.5,0.5,95.0
3130_3135_9119,0.5,0.5,95.0
3130_3135_9123,0.5,0.5,95.0
3130_3135_9936,0.5,0.5,95.0
3130_3135_9125,0.5,0.5,95.0
3130_3135_8316,0.5,0.5,95.0
3130_3135_9098,0.5,0.5,95.0
3130_3135_9104,0.5,0.5,95.0
3130_3138_9045,0.5,0.5,95.0
3130_3138_8097,0.5,0.5,95.0
3130_3138_9119,0.5,0.5,95.0
3130_3138_L030,0.5,0.5,95.0
3130_3138_8398,0.5,0.5,95.0
3130_3138_L091,0.5,0.5,95.0
3130_3138_8288,0.5,0.5,95.0
3130_3138_9242,0.5,0.5,95.0
3130_3138_8015,0.5,0.5,95.0
3130_3139_L131,0.5,0.5,95.0
3130_3139_9921,0.5,0.5,95.0
3130_3139_9164,0.5,0.5,95.0
3130_3331_9713,0.4,0.45,95.0
3130_3331_9069,0.4,0.45,95.0
3130_3331_9645,0.5,0.5,95.0
3130_3331_9213,0.5,0.5,95.0
3130_7230_8141,0.5,0.5,95.0
3130_7230_L101,0.5,0.5,95.0
3130_7230_L068,0.5,0.5,95.0
3130_7230_9549,0.5,0.5,95.0
3130_7230_L067,0.5,0.5,95.0
3130_7230_9504,0.5,0.5,95.0
3130_7230_L066,0.5,0.5,95.0
3130_7230_8143,0.5,0.5,95.0
3130_7230_L136,0.5,0.5,95.0
3130_7230_9861,0.5,0.5,95.0
3130_7230_L304,0.5,0.5,95.0
3130_7230_8138,0.5,0.5,95.0
3130_7230_9890,0.5,0.5,95.0
3140_3141_9003,0.5,0.5,95.0
3140_3141_8419,0.5,0.5,95.0
3140_3141_L259,0.5,0.5,95.0
3140_3141_9085,0.5,0.5,95.0
3140_3141_L080,0.5,0.5,95.0
3140_3141_L003,0.5,0.5,95.0
3140_3142_L130,0.5,0.5,95.0
3140_3142_9853,0.5,0.5,95.0
3140_3142_9084,0.5,0.5,95.0
3140_3142_L179,0.5,0.5,95.0
3140_3143_9498,0.5,0.5,95.0
3140_3143_9147,0.5,0.5,95.0
3140_3143_9991,0.5,0.5,95.0
3140_3143_9156,0.5,0.5,95.0
3140_3143_9785,0.5,0.5,95.0
3140_3145_L008,0.5,0.5,95.0
3140_3145_9730,0.5,0.5,95.0
3140_3145_L034,0.5,0.5,95.0
3140_3145_9763,0.5,0.5,95.0
3140_3145_9808,0.5,0.5,95.0
3140_7065_9500,0.5,0.5,95.0
3150_3151_9005,0.5,0.5,95.0
3150_3151_9054,0.5,0.5,95.0
3150_3151_9563,0.5,0.5,95.0
3150_3151_9853,0.5,0.5,95.0
3150_3151_9633,0.5,0.5,95.0
3150_3152_9112,0.5,0.5,95.0
3150_3152_9119,0.5,0.5,95.0
3150_3152_9123,0.5,0.5,95.0
3150_3152_9092,0.5,0.5,95.0
3150_3152_L069,0.5,0.5,95.0
3150_3152_9862,0.5,0.5,95.0
3150_3152_8515,0.5,0.5,95.0
3150_3152_L124,0.5,0.5,95.0
3150_3153_9627,0.5,0.5,95.0
3150_3153_9628,0.5,0.5,95.0
3150_3153_9629,0.5,0.5,95.0
3150_3153_9993,0.5,0.5,95.0
3150_3153_9157,0.5,0.5,95.0
3150_3153_8111,0.5,0.5,95.0
3150_3153_9630,0.5,0.5,95.0
3150_3153_9205,0.5,0.5,95.0
3150_3154_9687,0.5,0.5,95.0
3150_3154_9016,0.5,0.5,95.0
3150_3154_9089,0.5,0.5,95.0
3150_3154_L100,0.5,0.5,95.0
3150_3155_9500,0.5,0.5,95.0
3150_3155_9504,0.5,0.5,95.0
3150_3155_9890,0.5,0.5,95.0
3160_3161_9003,0.5,0.5,95.0
3160_3161_9016,0.5,0.5,95.0
3160_3161_9085,0.5,0.5,95.0
3160_3161_L164,0.5,0.5,95.0
3160_3162_L122,0.5,0.5,95.0
3160_3162_L284,0.5,0.5,95.0
3160_3162_9853,0.5,0.5,95.0
3160_3163_9723,0.5,0.5,95.0
3160_3163_9727,0.5,0.5,95.0
3160_3163_9743,0.5,0.5,95.0
3160_3163_9119,0.5,0.5,95.0
3160_3163_9751,0.5,0.5,95.0
3160_3163_9123,0.5,0.5,95.0
3160_3163_8407,0.5,0.5,95.0
3160_3163_L153,0.5,0.5,95.0
3160_3163_L261,0.5,0.5,95.0
3160_3163_9147,0.5,0.5,95.0
3160_3163_9148,0.5,0.5,95.0
3160_3163_L362,0.5,0.5,95.0
3160_3163_9254,0.5,0.5,95.0
3160_3164_9498,0.5,0.5,100.0
3160_3164_8464,0.5,0.5,100.0
3160_3164_L366,0.5,0.5,100.0
3160_3164_8516,0.5,0.5,100.0
3160_3165_9731,0.5,0.5,100.0
3160_7075_9500,0.5,0.5,100.0
3180_3181_9681,0.5,0.5,95.0
3180_3181_9347,0.5,0.5,95.0
3180_3181_9054,0.5,0.5,95.0
3180_3181_9850,0.5,0.5,95.0
3180_3181_9853,0.5,0.5,95.0
3180_3181_9084,0.5,0.5,95.0
3180_3181_9930,0.5,0.5,95.0
3180_3182_9709,0.5,0.5,95.0
3180_3182_9056,0.5,0.5,95.0
3180_3182_9089,0.5,0.5,95.0
3180_3182_9109,0.5,0.5,95.0
3180_3182_9119,0.5,0.5,95.0
3180_3182_9123,0.5,0.5,95.0
3180_3182_8296,0.5,0.5,95.0
3180_3182_9152,0.5,0.5,95.0
3180_3182_9994,0.5,0.5,95.0
3180_3182_9205,0.5,0.5,95.0
3180_3182_8517,0.5,0.5,95.0
3180_3182_9491,0.5,0.5,95.0
3180_3182_9254,0.5,0.5,95.0
3180_3185_9016,0.5,0.5,95.0
3180_3185_9085,0.5,0.5,95.0
3180_3185_9086,0.5,0.5,95.0
3180_3185_9087,0.5,0.5,95.0
3180_3185_9129,0.5,0.5,95.0
3180_3186_9122,0.5,0.5,95.0
3180_3186_L021,0.5,0.5,95.0
3180_3186_9179,0.5,0.5,95.0
3180_3186_9168,0.5,0.5,95.0
3180_3186_L116,0.5,0.5,95.0
3180_3186_9238,0.5,0.5,95.0
3180_7085_9500,0.5,0.5,95.0
3240_3241_9056,0.5,0.5,95.0
3240_3241_9152,0.5,0.5,95.0
3240_3241_9640,0.5,0.5,95.0
3240_3241_L207,0.5,0.5,95.0
3240_3242_9380,0.5,0.5,95.0
3240_3242_9644,0.5,0.5,95.0
3240_3242_9089,0.5,0.5,95.0
3240_3242_9112,0.5,0.5,95.0
3240_3242_9119,0.5,0.5,95.0
3240_3242_9645,0.5,0.5,95.0
3240_3242_L186,0.5,0.5,95.0
3240_3242_L142,0.5,0.5,95.0
3240_3243_L371,0.5,0.5,95.0
3240_3243_L211,0.5,0.5,95.0
3240_3243_L297,0.5,0.5,95.0
3240_3243_9123,0.5,0.5,95.0
3240_3243_L143,0.5,0.5,95.0
6800_6800_9448,0.5,0.5,95.0
6800_6800_9257,0.5,0.5,95.0
6800_6800_9019,0.5,0.5,95.0
6800_6800_L188,0.5,0.5,95.0
6800_6800_L189,0.5,0.5,95.0
6800_6800_9081,0.5,0.5,95.0
6800_6800_9119,0.5,0.5,95.0
6800_6800_9885,0.5,0.5,95.0
6800_6800_9098,0.5,0.5,95.0
6800_6800_8029,0.5,0.5,95.0
6800_6800_9147,0.5,0.5,95.0
6800_6800_L030,0.5,0.5,95.0
6800_6800_9156,0.5,0.5,95.0
6800_6800_9157,0.5,0.5,95.0
6800_6800_9927,0.5,0.5,95.0
6800_6800_9189,0.5,0.5,95.0
6800_6800_8366,0.5,0.5,95.0
6800_6800_9219,0.5,0.5,95.0
6800_6800_9238,0.5,0.5,95.0
6800_6800_8014,0.5,0.5,95.0
6800_6800_9240,0.5,0.5,95.0
6800_6800_8109,0.5,0.5,95.0
6800_6810_L278,0.5,0.5,95.0
6800_6810_L321,0.5,0.5,95.0
6800_6810_L274,0.5,0.5,95.0
6800_6810_L281,0.5,0.5,95.0
6800_6810_L273,0.5,0.5,95.0
6800_6810_L280,0.5,0.5,95.0
6800_6810_L277,0.5,0.5,95.0
6800_6810_L282,0.5,0.5,95.0
6800_6810_L329,0.5,0.5,95.0
6800_6810_L311,0.5,0.5,95.0
7105_7105_L118,0.5,0.5,95.0
7105_7105_9121,0.5,0.5,95.0
7105_7105_9745,0.5,0.5,95.0
7105_7105_9926,0.5,0.5,95.0
7105_7105_9924,0.5,0.5,95.0
7105_7105_9789,0.5,0.5,95.0
7110_7110_9076,0.5,0.5,95.0
7110_7110_9177,0.5,0.5,95.0
7110_7110_9163,0.5,0.5,95.0
7110_7110_9183,0.5,0.5,95.0
7110_7110_9217,0.5,0.5,95.0
2100_2100_9257,0.5,0.5,95.0
2100_2100_9023,0.5,0.5,95.0
2100_2100_9078,0.5,0.5,95.0
2100_2100_9081,0.5,0.5,95.0
2100_2100_L110,0.5,0.5,95.0
2100_2100_9119,0.5,0.5,95.0
2100_2100_9147,0.5,0.5,95.0
2100_2100_9162,0.5,0.5,95.0
2100_2100_9181,0.5,0.5,95.0
2100_2100_9186,0.5,0.5,95.0
2100_2100_9219,0.5,0.5,95.0
2100_2100_9229,0.5,0.5,95.0
2400_2410_9257,0.5,0.5,95.0
2400_2410_L374,0.5,0.5,95.0
2400_2410_9069,0.5,0.5,95.0
2400_2410_9078,0.5,0.5,95.0
2400_2410_9081,0.5,0.5,95.0
2400_2410_9119,0.5,0.5,95.0
2400_2410_9151,0.5,0.5,95.0
2400_2410_9157,0.5,0.5,95.0
2400_2410_L191,0.5,0.5,95.0
2400_2410_8175,0.5,0.5,95.0
2400_2410_9205,0.5,0.5,95.0
2400_2410_9219,0.5,0.5,95.0
2400_2410_9229,0.5,0.5,95.0
2400_2410_9238,0.5,0.5,95.0
2400_2440_9257,0.5,0.5,95.0
2400_2440_9066,0.5,0.5,95.0
2400_2440_9069,0.5,0.5,95.0
2400_2440_9078,0.5,0.5,95.0
2400_2440_9151,0.5,0.5,95.0
2400_2440_9205,0.5,0.5,95.0
2400_2440_9219,0.5,0.5,95.0
2400_2440_9229,0.5,0.5,95.0
2400_2450_9257,0.5,0.5,95.0
2400_2450_9056,0.5,0.5,95.0
2400_2450_9069,0.5,0.5,95.0
2400_2450_9547,0.5,0.5,95.0
2400_2450_9123,0.5,0.5,95.0
2400_2450_9104,0.5,0.5,95.0
2400_2450_9147,0.5,0.5,95.0
2500_2500_9507,0.5,0.5,95.0
2500_2500_9078,0.5,0.5,95.0
2500_2500_9081,0.5,0.5,95.0
2500_2500_9084,0.5,0.5,95.0
2500_2500_9119,0.5,0.5,95.0
2500_2500_9104,0.5,0.5,95.0
2500_2500_9147,0.5,0.5,95.0
2500_2500_L105,0.5,0.5,95.0
2500_2500_L360,0.5,0.5,95.0
2500_2500_9205,0.5,0.5,95.0
2500_2500_L182,0.5,0.5,95.0
2500_2500_9219,0.5,0.5,95.0
2500_2500_9229,0.5,0.5,95.0
2500_2500_8288,0.5,0.5,95.0
2500_2500_9242,0.5,0.5,95.0
2500_2500_9254,0.5,0.5,95.0
2710_2710_9554,0.45,0.55,95.0
2710_2710_L369,0.45,0.55,95.0
2710_2710_9740,0.45,0.55,95.0
2710_2710_9123,0.45,0.55,95.0
2710_2710_9147,0.45,0.55,95.0
2710_2710_L200,0.45,0.55,95.0
2710_2710_9159,0.45,0.55,95.0
2710_2710_L197,0.45,0.55,95.0
2710_2710_9170,0.45,0.55,95.0
2750_2750_9257,0.5,0.5,95.0
2750_2750_9020,0.5,0.5,95.0
2750_2750_9045,0.5,0.5,95.0
2750_2750_9494,0.5,0.5,95.0
2750_2750_9023,0.5,0.5,95.0
2750_2750_9554,0.5,0.5,95.0
2750_2750_9066,0.5,0.5,95.0
2750_2750_9119,0.5,0.5,95.0
2750_2750_9813,0.5,0.5,95.0
2750_2750_9548,0.5,0.5,95.0
2750_2750_9219,0.5,0.5,95.0
2900_2910_8158,0.5,0.5,95.0
2900_2910_9257,0.5,0.5,95.0
2900_2910_9817,0.5,0.5,95.0
2900_2910_L296,0.5,0.5,95.0
2900_2910_9011,0.5,0.5,95.0
2900_2910_L355,0.5,0.5,95.0
2900_2910_9015,0.5,0.5,95.0
2900_2910_9016,0.5,0.5,95.0
2900_2910_L301,0.5,0.5,95.0
2900_2910_9020,0.5,0.5,95.0
2900_2910_L188,0.5,0.5,95.0
2900_2910_8455,0.5,0.5,95.0
2900_2910_9494,0.5,0.5,95.0
2900_2910_9023,0.5,0.5,95.0
2900_2910_L144,0.5,0.5,95.0
2900_2910_9554,0.5,0.5,95.0
2900_2910_l291,0.5,0.5,95.0
2900_2910_9051,0.5,0.5,95.0
2900_2910_9662,0.5,0.5,95.0
2900_2910_9065,0.5,0.5,95.0
2900_2910_9066,0.5,0.5,95.0
2900_2910_L267,0.5,0.5,95.0
2900_2910_9070,0.5,0.5,95.0
2900_2910_L230,0.5,0.5,95.0
2900_2910_9078,0.5,0.5,95.0
2900_2910_9081,0.5,0.5,95.0
2900_2910_9736,0.5,0.5,95.0
2900_2910_9455,0.5,0.5,95.0
2900_2910_9089,0.5,0.5,95.0
2900_2910_9109,0.5,0.5,95.0
2900_2910_9119,0.5,0.5,95.0
2900_2910_L119,0.5,0.5,95.0
2900_2910_9099,0.5,0.5,95.0
2900_2910_9104,0.5,0.5,95.0
2900_2910_9136,0.5,0.5,95.0
2900_2910_L334,0.5,0.5,95.0
2900_2910_L318,0.5,0.5,95.0
2900_2910_9645,0.5,0.5,95.0
2900_2910_8042,0.5,0.5,95.0
2900_2910_9152,0.5,0.5,95.0
2900_2910_9157,0.5,0.5,95.0
2900_2910_9186,0.5,0.5,95.0
2900_2910_9847,0.5,0.5,95.0
2900_2910_9219,0.5,0.5,95.0
2900_2910_9238,0.5,0.5,95.0
2900_2910_9240,0.5,0.5,95.0
2900_2910_9254,0.5,0.5,95.0
2900_2910_L165,0.5,0.5,95.0
2900_2920_9257,0.5,0.5,95.0
2900_2920_L077,0.5,0.5,95.0
2900_2920_9023,0.5,0.5,95.0
2900_2920_9026,0.5,0.5,95.0
2900_2920_l291,0.5,0.5,95.0
2900_2920_L019,0.5,0.5,95.0
2900_2920_8313,0.5,0.5,95.0
2900_2920_9070,0.5,0.5,95.0
2900_2920_L230,0.5,0.5,95.0
2900_2920_9078,0.5,0.5,95.0
2900_2920_9081,0.5,0.5,95.0
2900_2920_9736,0.5,0.5,95.0
2900_2920_9089,0.5,0.5,95.0
2900_2920_8277,0.5,0.5,95.0
2900_2920_9119,0.5,0.5,95.0
2900_2920_8397,0.5,0.5,95.0
2900_2920_9099,0.5,0.5,95.0
2900_2920_8378,0.5,0.5,95.0
2900_2920_9147,0.5,0.5,95.0
2900_2920_L021,0.5,0.5,95.0
2900_2920_8166,0.5,0.5,95.0
2900_2920_9218,0.5,0.5,95.0
2900_2920_9219,0.5,0.5,95.0
2900_2920_9238,0.5,0.5,95.0
2900_2920_L148,0.5,0.5,95.0
4002_4002_9214,0.4,0.45,95.0
4010_4010_9257,0.5,0.5,95.0
4010_4010_9682,0.5,0.5,95.0
4010_4010_9683,0.5,0.5,95.0
4010_4010_L356,0.5,0.5,95.0
4010_4010_9713,0.5,0.5,95.0
4010_4010_9070,0.5,0.5,95.0
4010_4010_9243,0.5,0.5,95.0
4020_4020_9089,0.5,0.5,95.0
4020_4020_9174,0.5,0.5,95.0
4020_4020_L186,0.5,0.5,95.0
4069_4069_L170,0.5,0.5,95.0
4069_4069_9069,0.5,0.5,95.0
4076_4076_9563,0.5,0.5,95.0
4076_4076_9853,0.5,0.5,95.0
4076_4076_9084,0.5,0.5,95.0
4080_4080_9853,0.5,0.5,95.0
4085_4085_9853,0.5,0.5,95.0
4085_4085_9084,0.5,0.5,95.0
4089_4089_9500,0.5,0.5,95.0
4089_4089_9504,0.5,0.5,95.0
4089_4089_L136,0.5,0.5,95.0
4091_4091_8137,0.5,0.5,95.0
4091_4091_L068,0.5,0.5,95.0
4091_4091_9500,0.5,0.5,95.0
4091_4091_9504,0.5,0.5,95.0
4091_4091_L066,0.5,0.5,95.0
4091_4091_L136,0.5,0.5,95.0
4091_4091_8249,0.5,0.5,95.0
4096_4096_9500,0.5,0.5,95.0
4097_4097_9500,0.5,0.5,95.0
4097_4097_9504,0.5,0.5,95.0
4097_4097_L357,0.5,0.5,95.0
4097_4097_8138,0.5,0.5,95.0
4098_4098_9500,0.5,0.5,95.0
4105_4105_9504,0.5,0.5,95.0
4105_4105_8138,0.5,0.5,95.0
4105_4105_9890,0.5,0.5,95.0
4106_4106_L068,0.5,0.5,95.0
4106_4106_9500,0.5,0.5,95.0
4106_4106_9085,0.5,0.5,95.0
4106_4106_9504,0.5,0.5,95.0
4106_4106_9791,0.5,0.5,95.0
4107_4108_9500,0.5,0.5,95.0
4107_4108_9549,0.5,0.5,95.0
4107_4108_L067,0.5,0.5,95.0
4107_4108_9504,0.5,0.5,95.0
4107_4108_L066,0.5,0.5,95.0
4107_4108_L136,0.5,0.5,95.0
4107_4108_8249,0.5,0.5,95.0
4107_4109_9085,0.5,0.5,95.0
4107_4109_9504,0.5,0.5,95.0
4107_4109_9791,0.5,0.5,95.0
4107_4113_9500,0.5,0.5,95.0
4110_4110_9500,0.5,0.5,95.0
4115_4115_9147,0.5,0.5,95.0
4115_4115_9173,0.5,0.5,95.0
4115_4115_L234,0.5,0.5,95.0
4115_4115_9254,0.5,0.5,95.0
4126_4126_L111,0.5,0.5,100.0
4126_4126_9847,0.5,0.5,100.0
4126_4126_L327,0.5,0.5,100.0
4141_4141_9169,0.5,0.5,95.0
4155_4155_9156,0.5,0.5,95.0
4155_4155_L268,0.5,0.5,95.0
4155_4155_9205,0.5,0.5,95.0
4155_4155_L314,0.5,0.5,95.0
4156_4156_9156,0.5,0.5,95.0
4156_4156_9205,0.5,0.5,95.0
4200_4200_9147,0.5,0.5,95.0
4200_4200_9152,0.5,0.5,95.0
4200_4200_8387,0.5,0.5,95.0
4200_4200_9254,0.5,0.5,95.0
4260_4260_9351,0.5,0.5,95.0
4260_4260_9494,0.5,0.5,95.0
4260_4260_8059,0.5,0.5,95.0
4260_4260_9554,0.5,0.5,95.0
4260_4260_L095,0.5,0.5,95.0
4260_4260_9548,0.5,0.5,95.0
4260_4260_9847,0.5,0.5,95.0
4260_4260_9219,0.5,0.5,95.0
4270_4270_9005,0.5,0.5,95.0
4270_4270_9563,0.5,0.5,95.0
4270_4270_9853,0.5,0.5,95.0
4270_4270_9084,0.5,0.5,95.0
4270_4270_9177,0.5,0.5,95.0
4271_4271_L008,0.5,0.5,95.0
4271_4271_9563,0.5,0.5,95.0
4271_4271_9853,0.5,0.5,95.0
4271_4271_9084,0.5,0.5,95.0
4271_4271_L342,0.5,0.5,95.0
4277_4277_9084,0.5,0.5,95.0
4277_4277_9218,0.5,0.5,95.0
4277_4277_L264,0.5,0.5,95.0
4280_4280_9716,0.45,0.55,95.0
4280_4280_9152,0.45,0.55,95.0
4280_4280_9206,0.45,0.55,95.0
4280_4280_9242,0.45,0.55,95.0
4280_4280_9254,0.45,0.55,95.0
4283_4283_9056,0.5,0.5,95.0
4283_4283_9097,0.5,0.5,95.0
4283_4283_9152,0.5,0.5,95.0
4283_4283_9208,0.5,0.5,95.0
4283_4283_9242,0.5,0.5,95.0
4292_4292_L263,0.5,0.5,95.0
4292_4292_L320,0.5,0.5,95.0
4292_4292_L225,0.5,0.5,95.0
4292_4292_L328,0.5,0.5,95.0
4292_4292_L021,0.5,0.5,95.0
4292_4292_L190,0.5,0.5,95.0
4292_4292_9157,0.5,0.5,95.0
4298_4298_L315,0.5,0.5,95.0
4298_4298_L316,0.5,0.5,95.0
4298_4298_L337,0.5,0.5,95.0
4298_4298_9073,0.5,0.5,95.0
4298_4298_9853,0.5,0.5,95.0
4298_4298_8522,0.5,0.5,95.0
4298_4298_8397,0.5,0.5,95.0
4298_4298_8042,0.5,0.5,95.0
4298_4298_8181,0.5,0.5,95.0
4298_4298_9173,0.5,0.5,95.0
4298_4298_L368,0.5,0.5,95.0
4298_4298_L357,0.5,0.5,95.0
4298_4298_L036,0.5,0.5,95.0
4300_4300_9147,0.5,0.5,95.0
4300_4300_9157,0.5,0.5,95.0
4300_4300_L191,0.5,0.5,95.0
4306_4306_9736,0.5,0.5,95.0
4306_4306_9147,0.5,0.5,95.0
4306_4306_9219,0.5,0.5,95.0
4308_4308_9219,0.5,0.5,95.0
4308_4308_9229,0.5,0.5,95.0
4350_4350_L351,0.5,0.5,95.0
4350_4350_L220,0.5,0.5,95.0
4350_4350_L290,0.5,0.5,95.0
4350_4350_9023,0.5,0.5,95.0
4350_4350_9554,0.5,0.5,95.0
4350_4350_L210,0.5,0.5,95.0
4350_4350_9069,0.5,0.5,95.0
4350_4350_L125,0.5,0.5,95.0
4350_4350_9078,0.5,0.5,95.0
4350_4350_8134,0.5,0.5,95.0
4350_4350_9147,0.5,0.5,95.0
4350_4350_9173,0.5,0.5,95.0
4350_4350_9157,0.5,0.5,95.0
4350_4350_9162,0.5,0.5,95.0
4350_4350_9186,0.5,0.5,95.0
4350_4350_9206,0.5,0.5,95.0
4350_4350_9219,0.5,0.5,95.0
4350_4350_L183,0.5,0.5,95.0
4350_4350_9254,0.5,0.5,95.0
4375_4375_9257,0.5,0.5,95.0
4375_4375_L188,0.5,0.5,95.0
4375_4375_9707,0.5,0.5,95.0
4375_4375_l291,0.5,0.5,95.0
4375_4375_9070,0.5,0.5,95.0
4375_4375_L270,0.5,0.5,95.0
4375_4375_9078,0.5,0.5,95.0
4375_4375_9119,0.5,0.5,95.0
4375_4375_9152,0.5,0.5,95.0
4375_4375_9157,0.5,0.5,95.0
4375_4375_L191,0.5,0.5,95.0
4375_4375_9219,0.5,0.5,95.0
4375_4375_L183,0.5,0.5,95.0
4440_4442_9106,0.5,0.5,95.0
4440_4442_9119,0.5,0.5,95.0
4440_4442_9123,0.5,0.5,95.0
4440_4444_9056,0.5,0.5,95.0
4440_4444_9147,0.5,0.5,95.0
4450_4450_9011,0.5,0.5,95.0
4450_4450_L255,0.5,0.5,95.0
4450_4450_9853,0.5,0.5,95.0
4450_4450_9219,0.5,0.5,95.0
4460_4460_8149,0.5,0.5,95.0
4460_4460_9500,0.5,0.5,95.0
4460_4460_9504,0.5,0.5,95.0
4500_4500_9053,0.5,0.5,95.0
4500_4500_9070,0.5,0.5,95.0
4500_4500_L185,0.5,0.5,95.0
4500_4500_9147,0.5,0.5,95.0
4500_4500_9157,0.5,0.5,95.0
4500_4500_9185,0.5,0.5,95.0
4500_4500_9191,0.5,0.5,95.0
4500_4500_9213,0.5,0.5,95.0
4500_4500_9219,0.5,0.5,95.0
4500_4500_9238,0.5,0.5,95.0
4520_4520_9238,0.5,0.5,95.0
4530_4530_9119,0.5,0.5,95.0
4530_4530_9124,0.5,0.5,95.0
4530_4530_L322,0.5,0.5,95.0
4570_4571_9152,0.5,0.5,95.0
4570_4571_9157,0.5,0.5,95.0
4570_4571_L191,0.5,0.5,95.0
4570_4572_L330,0.5,0.5,95.0
4570_4572_9119,0.5,0.5,95.0
4570_4572_8187,0.5,0.5,95.0
4570_4572_L287,0.5,0.5,95.0
4570_4572_9213,0.5,0.5,95.0
4580_4581_L174,0.5,0.5,95.0
4580_4581_9084,0.5,0.5,95.0
4580_4581_9242,0.5,0.5,95.0
4580_4581_9808,0.5,0.5,95.0
4580_4582_9056,0.5,0.5,95.0
4580_4582_L180,0.5,0.5,95.0
4580_4582_L166,0.5,0.5,95.0
4580_4582_L137,0.5,0.5,95.0
4590_4590_9500,0.45,0.55,95.0
4590_4590_9549,0.45,0.55,95.0
4590_4590_9504,0.45,0.55,95.0
4590_4590_L136,0.45,0.55,95.0
4600_4601_9853,0.5,0.5,95.0
4600_4601_9084,0.5,0.5,95.0
4600_4602_9119,0.5,0.5,95.0
4600_4603_9500,0.5,0.5,95.0
4600_4603_9504,0.5,0.5,95.0
4600_4603_L136,0.5,0.5,95.0
4600_4604_8149,0.5,0.5,95.0
4600_4604_9504,0.5,0.5,95.0
4600_4604_L333,0.5,0.5,95.0
4610_4611_L244,0.5,0.5,95.0
4610_4612_L021,0.5,0.5,95.0
4610_4612_9171,0.5,0.5,95.0
4610_4612_L242,0.5,0.5,95.0
4610_4613_L332,0.5,0.5,95.0
4610_4613_L293,0.5,0.5,95.0
4610_4614_L068,0.5,0.5,95.0
4610_4614_9500,0.5,0.5,95.0
4610_4614_9549,0.5,0.5,95.0
4610_4614_L066,0.5,0.5,95.0
4610_4614_L136,0.5,0.5,95.0
4610_4615_9085,0.5,0.5,95.0
4610_4616_9853,0.5,0.5,95.0
4620_4620_L068,0.5,0.5,95.0
4620_4620_9500,0.5,0.5,95.0
4620_4620_9504,0.5,0.5,95.0
4620_4620_9890,0.5,0.5,95.0
4625_4626_8149,0.5,0.5,95.0
4625_4626_9500,0.5,0.5,95.0
4625_4626_9504,0.5,0.5,95.0
4625_4627_9563,0.5,0.5,95.0
4625_4627_9853,0.5,0.5,95.0
4625_4627_9084,0.5,0.5,95.0
4630_4630_9904,0.5,0.5,95.0
4630_4630_9023,0.5,0.5,95.0
4630_4630_9066,0.5,0.5,95.0
4630_4630_9934,0.5,0.5,95.0
4630_4630_9152,0.5,0.5,95.0
4630_4630_9156,0.5,0.5,95.0
4630_4630_9157,0.5,0.5,95.0
4630_4630_9162,0.5,0.5,95.0
4630_4630_9185,0.5,0.5,95.0
4630_4630_9219,0.5,0.5,95.0
4630_4630_L262,0.5,0.5,95.0
4630_4630_9249,0.5,0.5,95.0
4630_4630_9254,0.5,0.5,95.0
4640_4640_9119,0.45,0.55,95.0
4640_4640_9124,0.45,0.55,95.0
4650_4650_9351,0.5,0.5,95.0
4650_4650_9494,0.5,0.5,95.0
4650_4650_L294,0.5,0.5,95.0
4650_4650_9554,0.5,0.5,95.0
4650_4650_9548,0.5,0.5,95.0
4650_4650_9847,0.5,0.5,95.0
4650_4650_9219,0.5,0.5,95.0
4650_4650_L326,0.5,0.5,95.0
4660_4661_L021,0.5,0.5,95.0
4660_4661_9177,0.5,0.5,95.0
4660_4661_L046,0.5,0.5,95.0
4660_4661_9157,0.5,0.5,95.0
4660_4662_9119,0.5,0.5,95.0
4660_4662_8187,0.5,0.5,95.0
4660_4662_L357,0.5,0.5,95.0
4660_4662_9186,0.5,0.5,95.0
